Class, Number of Use
org/jfree/chart/internal/Args,880
org/jfree/chart/plot/XYPlot,503
org/jfree/chart/plot/CategoryPlot,372
org/jfree/data/Range,339
org/jfree/chart/internal/SerialUtils,316
org/jfree/chart/axis/ValueAxis,284
org/jfree/chart/api/RectangleInsets,186
org/jfree/chart/legend/LegendItem,172
org/jfree/chart/plot/Plot,165
org/jfree/chart/JFreeChart,148
org/jfree/data/xy/XYDataset,135
org/jfree/chart/axis/CategoryAxis,132
org/jfree/chart/renderer/AbstractRenderer,120
org/jfree/chart/block/RectangleConstraint,110
org/jfree/data/time/TimeSeries,103
org/jfree/chart/plot/PlotRenderingInfo,101
org/jfree/data/time/RegularTimePeriod,96
org/jfree/chart/plot/pie/PiePlot,94
org/jfree/data/KeyedObjects2D,94
org/jfree/chart/axis/AxisSpace,94
org/jfree/chart/block/Size2D,92
org/jfree/chart/plot/PolarPlot,88
org/jfree/chart/axis/NumberAxis,86
org/jfree/chart/text/TextUtils,85
org/jfree/data/xy/XYSeries,81
org/jfree/chart/internal/HashUtils,79
org/jfree/chart/swing/ChartPanel,78
org/jfree/chart/axis/Axis,78
org/jfree/chart/api/RectangleEdge,77
org/jfree/chart/date/SerialDate,74
org/jfree/chart/plot/dial/DialLayerChangeEvent,72
org/jfree/chart/renderer/xy/AbstractXYItemRenderer,71
org/jfree/data/DefaultKeyedValues2D,71
org/jfree/chart/internal/PaintUtils,71
org/jfree/chart/axis/AxisState,66
org/jfree/data/time/Day,65
org/jfree/data/xy/IntervalXYDelegate,65
org/jfree/chart/internal/CloneUtils,65
org/jfree/chart/axis/DateAxis,64
org/jfree/chart/plot/Marker,63
org/jfree/data/general/DatasetUtils,58
org/jfree/data/DefaultKeyedValues,56
org/jfree/chart/ChartRenderingInfo,51
org/jfree/chart/renderer/category/CategoryItemRendererState,51
org/jfree/chart/axis/LogAxis,49
org/jfree/data/xy/IntervalXYDataset,48
org/jfree/chart/renderer/category/AbstractCategoryItemRenderer,48
org/jfree/chart/internal/ShapeUtils,47
org/jfree/chart/plot/pie/PiePlotState,45
org/jfree/chart/renderer/category/BarRenderer,45
org/jfree/data/gantt/TaskSeriesCollection,43
org/jfree/chart/entity/ChartEntity,38
org/jfree/chart/StandardChartTheme,38
org/jfree/chart/plot/Crosshair,37
org/jfree/chart/renderer/xy/XYLineAndShapeRenderer,37
org/jfree/chart/labels/AbstractXYItemLabelGenerator,36
org/jfree/chart/renderer/xy/XYItemRenderer,35
org/jfree/chart/event/TitleChangeEvent,35
org/jfree/data/statistics/BoxAndWhiskerItem,35
org/jfree/chart/plot/compass/MeterNeedle,34
org/jfree/data/general/DatasetChangeEvent,34
org/jfree/chart/title/TextTitle,34
org/jfree/chart/text/TextBlock,33
org/jfree/chart/title/Title,33
org/jfree/chart/legend/LegendItemCollection,32
org/jfree/chart/ChartTheme,32
org/jfree/data/flow/FlowDataset,31
org/jfree/data/category/DefaultIntervalCategoryDataset,31
org/jfree/data/time/TimeSeriesDataItem,31
org/jfree/data/xy/XYDataItem,30
org/jfree/chart/text/TextAnchor,30
org/jfree/chart/block/BlockContainer,30
org/jfree/data/time/DynamicTimeSeriesCollection,29
org/jfree/data/general/Series,29
org/jfree/chart/plot/dial/DialPlot,29
org/jfree/chart/plot/pie/PieLabelRecord,29
org/jfree/chart/block/AbstractBlock,29
org/jfree/chart/renderer/xy/XYBarRenderer,29
org/jfree/data/general/AbstractDataset,28
org/jfree/chart/entity/EntityCollection,28
org/jfree/data/ComparableObjectSeries,28
org/jfree/chart/plot/SpiderWebPlot,28
org/jfree/data/xy/XYSeriesCollection,28
org/jfree/chart/plot/dial/AbstractDialLayer,28
org/jfree/chart/plot/ThermometerPlot,27
org/jfree/chart/swing/editor/DefaultValueAxisEditor,27
org/jfree/data/time/TimePeriodValues,27
org/jfree/data/time/TimeSeriesCollection,27
org/jfree/chart/labels/ItemLabelPosition,27
org/jfree/chart/axis/TickUnit,26
org/jfree/data/time/Minute,26
org/jfree/data/time/Hour,26
org/jfree/chart/util/AttrStringUtils,26
org/jfree/data/time/TimePeriod,26
org/jfree/chart/block/Block,25
org/jfree/chart/renderer/category/CategoryItemRenderer,24
org/jfree/chart/plot/MeterPlot,24
org/jfree/data/UnknownKeyException,24
org/jfree/data/statistics/BoxAndWhiskerXYDataset,23
org/jfree/data/statistics/BoxAndWhiskerCategoryDataset,23
org/jfree/data/KeyedObjects,23
org/jfree/chart/swing/SelectionZoomStrategy,23
org/jfree/chart/swing/editor/DefaultPlotEditor,23
org/jfree/data/time/DateRange,23
org/jfree/data/time/Year,22
org/jfree/chart/axis/ValueTick,22
org/jfree/data/category/DefaultCategoryDataset,22
org/jfree/chart/renderer/category/LineAndShapeRenderer,22
org/jfree/chart/axis/DateTickUnit,21
org/jfree/chart/renderer/xy/StandardXYItemRenderer,21
org/jfree/chart/axis/CategoryLabelPosition,21
org/jfree/chart/axis/PeriodAxis,21
org/jfree/chart/labels/StandardXYToolTipGenerator,20
org/jfree/data/general/DefaultPieDataset,20
org/jfree/data/time/Second,20
org/jfree/data/xy/OHLCDataset,20
org/jfree/data/xy/MatrixSeries,20
org/jfree/chart/block/FlowArrangement,20
org/jfree/chart/axis/NumberTickUnit,20
org/jfree/chart/text/TextBox,19
org/jfree/data/gantt/SlidingGanttCategoryDataset,19
org/jfree/chart/plot/Zoomable,19
org/jfree/chart/axis/PeriodAxisLabelInfo,19
org/jfree/data/time/Month,19
org/jfree/chart/axis/LogarithmicAxis,19
org/jfree/data/gantt/XYTaskDataset,18
org/jfree/chart/axis/NumberTickUnitSource,18
org/jfree/chart/block/GridArrangement,18
org/jfree/chart/plot/FastScatterPlot,18
org/jfree/chart/swing/editor/DefaultAxisEditor,18
org/jfree/chart/ChartUtils,18
org/jfree/chart/event/MarkerChangeEvent,18
org/jfree/chart/plot/PlotOrientation,18
org/jfree/chart/axis/CyclicNumberAxis,18
org/jfree/data/gantt/Task,18
org/jfree/chart/annotations/AbstractXYAnnotation,18
org/jfree/chart/swing/editor/PaintSample,18
org/jfree/chart/ChartFactory,18
org/jfree/chart/axis/TickUnitSource,17
org/jfree/data/time/TimePeriodValue,17
org/jfree/data/xy/DefaultTableXYDataset,16
org/jfree/data/time/Week,16
org/jfree/chart/renderer/xy/XYBoxAndWhiskerRenderer,16
org/jfree/data/time/Millisecond,16
org/jfree/chart/renderer/xy/XYItemRendererState,16
org/jfree/chart/api/RectangleAnchor,16
org/jfree/chart/block/CenterArrangement,16
org/jfree/chart/plot/CrosshairState,16
org/jfree/data/KeyToGroupMap,16
org/jfree/chart/legend/LegendGraphic,16
org/jfree/chart/renderer/Outlier,15
org/jfree/data/gantt/GanttCategoryDataset,15
org/jfree/data/statistics/DefaultBoxAndWhiskerCategoryDataset,15
org/jfree/chart/renderer/WaferMapRenderer,15
org/jfree/data/time/ohlc/OHLCItem,15
org/jfree/data/ComparableObjectItem,15
org/jfree/chart/renderer/OutlierListCollection,15
org/jfree/chart/axis/CategoryLabelPositions,15
org/jfree/data/time/Quarter,15
org/jfree/chart/legend/LegendTitle,14
org/jfree/chart/text/TextFragment,14
org/jfree/data/time/TimeTableXYDataset,14
org/jfree/data/xy/XYIntervalSeries,14
org/jfree/chart/urls/StandardXYURLGenerator,14
org/jfree/data/general/WaferMapDataset,14
org/jfree/chart/util/GradientPaintTransformer,14
org/jfree/data/statistics/DefaultStatisticalCategoryDataset,14
org/jfree/chart/axis/NumberTick,14
org/jfree/chart/event/AxisChangeEvent,14
org/jfree/chart/api/PublicCloneable,14
org/jfree/chart/labels/StandardCategoryToolTipGenerator,14
org/jfree/data/xy/AbstractIntervalXYDataset,14
org/jfree/chart/date/SpreadsheetDate,13
org/jfree/chart/renderer/DefaultPolarItemRenderer,13
org/jfree/data/flow/DefaultFlowDataset,13
org/jfree/data/xy/YIntervalSeries,13
org/jfree/chart/plot/IntervalMarker,13
org/jfree/data/statistics/SimpleHistogramBin,13
org/jfree/data/xy/XIntervalSeries,13
org/jfree/data/gantt/TaskSeries,13
org/jfree/data/flow/NodeKey,13
org/jfree/data/statistics/HistogramDataset,13
org/jfree/chart/event/ChartChangeEvent,13
org/jfree/chart/renderer/category/BoxAndWhiskerRenderer,13
org/jfree/chart/renderer/OutlierList,13
org/jfree/data/flow/FlowKey,12
org/jfree/data/category/IntervalCategoryDataset,12
org/jfree/chart/axis/AxisCollection,12
org/jfree/chart/swing/CrosshairOverlay,12
org/jfree/data/time/DynamicTimeSeriesCollection$ValueSequence,12
org/jfree/chart/annotations/XYTextAnnotation,12
org/jfree/data/statistics/Statistics,12
org/jfree/chart/labels/StandardPieSectionLabelGenerator,12
org/jfree/chart/encoders/ImageEncoder,12
org/jfree/chart/text/TextLine,12
org/jfree/chart/block/BlockFrame,12
org/jfree/chart/renderer/PolarItemRenderer,12
org/jfree/chart/encoders/ImageEncoderFactory,12
org/jfree/chart/imagemap/ImageMapUtils,12
org/jfree/chart/labels/StandardPieToolTipGenerator,11
org/jfree/data/xy/VectorSeries,11
org/jfree/chart/entity/StandardEntityCollection,11
org/jfree/chart/axis/ModuloAxis,11
org/jfree/chart/block/BorderArrangement,11
org/jfree/chart/renderer/category/BarPainter,11
org/jfree/data/time/TimePeriodValuesCollection,11
org/jfree/chart/plot/pie/AbstractPieLabelDistributor,11
org/jfree/data/xy/AbstractXYDataset,11
org/jfree/chart/plot/pie/MultiplePiePlot,11
org/jfree/data/time/ohlc/OHLCSeriesCollection,11
org/jfree/chart/plot/CombinedRangeXYPlot,11
org/jfree/chart/labels/AbstractCategoryItemLabelGenerator,11
org/jfree/chart/plot/DrawingSupplier,11
org/jfree/chart/plot/CombinedDomainCategoryPlot,11
org/jfree/data/json/impl/JSONValue,11
org/jfree/chart/renderer/category/GanttRenderer,11
org/jfree/chart/plot/CombinedDomainXYPlot,10
org/jfree/chart/util/StandardGradientPaintTransformer,10
org/jfree/chart/renderer/xy/XYDifferenceRenderer,10
org/jfree/chart/plot/PlotState,10
org/jfree/chart/labels/XYSeriesLabelGenerator,10
org/jfree/chart/block/ColumnArrangement,10
org/jfree/chart/renderer/xy/XYAreaRenderer,10
org/jfree/data/xml/RootHandler,10
org/jfree/chart/swing/editor/DefaultTitleEditor,10
org/jfree/chart/swing/editor/FontChooserPanel,10
org/jfree/data/xy/VectorDataItem,10
org/jfree/chart/renderer/xy/XYStepAreaRenderer,10
org/jfree/data/statistics/SimpleHistogramDataset,10
org/jfree/chart/block/BlockResult,10
org/jfree/chart/axis/AxisLocation,9
org/jfree/chart/ChartElementVisitor,9
org/jfree/chart/plot/compass/CompassPlot,9
org/jfree/data/time/ohlc/OHLCSeries,9
org/jfree/chart/util/PaintAlpha,9
org/jfree/chart/plot/dial/DialPointer,9
org/jfree/data/general/HeatMapDataset,9
org/jfree/chart/axis/SymbolAxis,9
org/jfree/chart/util/ShadowGenerator,9
org/jfree/chart/plot/dial/DialLayer,9
org/jfree/data/xy/XIntervalDataItem,9
org/jfree/chart/plot/MeterInterval,9
org/jfree/chart/annotations/TextAnnotation,9
org/jfree/chart/plot/WaferMapPlot,9
org/jfree/data/KeyedObject,8
org/jfree/chart/labels/AbstractPieItemLabelGenerator,8
org/jfree/data/statistics/MeanAndStandardDeviation,8
org/jfree/data/DataUtils,8
org/jfree/data/xy/CategoryTableXYDataset,8
org/jfree/chart/plot/DefaultDrawingSupplier,8
org/jfree/chart/swing/editor/LCBLayout,8
org/jfree/chart/event/PlotChangeEvent,8
org/jfree/chart/entity/XYItemEntity,8
org/jfree/chart/swing/editor/StrokeSample,8
org/jfree/data/KeyedValues,8
org/jfree/data/DefaultKeyedValue,8
org/jfree/chart/encoders/EncoderUtil,8
org/jfree/data/xy/XYIntervalSeriesCollection,8
org/jfree/data/Values2D,8
org/jfree/chart/renderer/xy/StackedXYAreaRenderer$StackedXYAreaRendererState,8
org/jfree/data/statistics/StatisticalCategoryDataset,8
org/jfree/chart/event/RendererChangeEvent,8
org/jfree/chart/axis/Timeline,8
org/jfree/chart/urls/CustomPieURLGenerator,7
org/jfree/chart/renderer/category/LevelRenderer,7
org/jfree/chart/renderer/xy/XYLineAndShapeRenderer$State,7
org/jfree/data/xy/DefaultHighLowDataset,7
org/jfree/data/xy/XYIntervalDataItem,7
org/jfree/chart/labels/CategorySeriesLabelGenerator,7
org/jfree/chart/renderer/xy/GradientXYBarPainter,7
org/jfree/chart/urls/StandardCategoryURLGenerator,7
org/jfree/data/xy/XYZDataset,7
org/jfree/data/general/SeriesException,7
org/jfree/data/statistics/HistogramBin,7
org/jfree/chart/title/ShortTextTitle,7
org/jfree/data/xy/OHLCDataItem,7
org/jfree/chart/axis/Tick,7
org/jfree/data/category/CategoryToPieDataset,7
org/jfree/chart/plot/CategoryCrosshairState,7
org/jfree/chart/renderer/category/GradientBarPainter,7
org/jfree/data/json/impl/JSONObject,7
org/jfree/chart/urls/StandardPieURLGenerator,7
org/jfree/chart/swing/editor/DefaultPolarPlotEditor,6
org/jfree/chart/plot/pie/PieLabelDistributor,6
org/jfree/chart/axis/MonthDateFormat,6
org/jfree/chart/renderer/xy/DeviationRenderer,6
org/jfree/data/xy/XYInterval,6
org/jfree/data/xml/ItemHandler,6
org/jfree/data/xy/DefaultWindDataset,6
org/jfree/data/xy/DefaultOHLCDataset,6
org/jfree/chart/block/LabelBlock,6
org/jfree/chart/block/BlockBorder,6
org/jfree/chart/annotations/CategoryTextAnnotation,6
org/jfree/chart/renderer/PaintScale,6
org/jfree/chart/text/format/RelativeDateFormat,6
org/jfree/data/xy/DefaultIntervalXYDataset,6
org/jfree/data/time/SimpleTimePeriod,6
org/jfree/data/RangeInfo,6
org/jfree/chart/renderer/xy/XYBarPainter,6
org/jfree/chart/renderer/xy/XYBlockRenderer,6
org/jfree/chart/renderer/xy/StackedXYAreaRenderer2,6
org/jfree/chart/annotations/AbstractAnnotation,6
org/jfree/chart/renderer/category/WaterfallBarRenderer,6
org/jfree/chart/api/Rotation,6
org/jfree/chart/text/G2TextMeasurer,6
org/jfree/chart/imagemap/StandardToolTipTagFragmentGenerator,5
org/jfree/data/json/impl/JSONArray,5
org/jfree/chart/renderer/category/MinMaxCategoryRenderer,5
org/jfree/chart/labels/XYToolTipGenerator,5
org/jfree/chart/imagemap/StandardURLTagFragmentGenerator,5
org/jfree/chart/renderer/xy/XYAreaRenderer2,5
org/jfree/chart/renderer/xy/StandardXYItemRenderer$State,5
org/jfree/chart/renderer/category/StackedAreaRenderer,5
org/jfree/data/time/ohlc/OHLC,5
org/jfree/chart/plot/Pannable,5
org/jfree/data/xy/DefaultXYDataset,5
org/jfree/data/KeyedValues2D,5
org/jfree/data/xy/DefaultXYZDataset,5
org/jfree/chart/api/RectangleAlignment,5
org/jfree/chart/axis/SubCategoryAxis,5
org/jfree/chart/plot/CombinedRangeCategoryPlot,5
org/jfree/chart/title/ImageTitle,5
org/jfree/chart/urls/XYURLGenerator,5
org/jfree/chart/swing/editor/StrokeChooserPanel,5
org/jfree/data/general/AbstractSeriesDataset,5
org/jfree/chart/Drawable,5
org/jfree/chart/labels/CustomXYToolTipGenerator,5
org/jfree/data/io/CSV,5
org/jfree/data/time/FixedMillisecond,5
org/jfree/data/category/SlidingCategoryDataset,5
org/jfree/chart/renderer/xy/StackedXYAreaRenderer,5
org/jfree/chart/axis/DateTick,5
org/jfree/chart/axis/LogTick,5
org/jfree/chart/urls/CustomXYURLGenerator,5
org/jfree/chart/legend/LegendItemBlockContainer,5
org/jfree/chart/urls/CustomCategoryURLGenerator,5
org/jfree/chart/plot/compass/ArrowNeedle,5
org/jfree/chart/block/EntityBlockParams,5
org/jfree/chart/plot/ValueMarker,5
org/jfree/data/xy/YIntervalDataItem,5
org/jfree/chart/axis/DateTickUnitType,5
org/jfree/chart/plot/ValueAxisPlot,5
org/jfree/chart/legend/PaintScaleLegend,5
org/jfree/data/xy/XYBarDataset,4
org/jfree/data/statistics/BoxAndWhiskerCalculator,4
org/jfree/chart/entity/TitleEntity,4
org/jfree/chart/api/VerticalAlignment,4
org/jfree/chart/annotations/CategoryLineAnnotation,4
org/jfree/chart/internal/LineUtils,4
org/jfree/chart/plot/RingPlot,4
org/jfree/data/xy/WindDataItem,4
org/jfree/chart/renderer/category/LayeredBarRenderer,4
org/jfree/chart/labels/CategoryItemLabelGenerator,4
org/jfree/chart/swing/PolarChartPanel,4
org/jfree/chart/swing/editor/FontDisplayField,4
org/jfree/chart/ChartTransferable,4
org/jfree/chart/plot/CategoryMarker,4
org/jfree/chart/axis/CompassFormat,4
org/jfree/data/time/TimePeriodFormatException,4
org/jfree/data/flow/FlowDatasetUtils,4
org/jfree/chart/renderer/xy/XYStepRenderer,4
org/jfree/data/xml/DatasetReader,4
org/jfree/chart/block/BlockParams,4
org/jfree/data/xy/VectorSeriesCollection,4
org/jfree/data/general/DefaultValueDataset,4
org/jfree/data/xy/XYCoordinate,4
org/jfree/chart/plot/dial/ArcDialFrame,4
org/jfree/data/xy/XIntervalSeriesCollection,4
org/jfree/chart/renderer/xy/CandlestickRenderer,4
org/jfree/data/xy/YWithXInterval,4
org/jfree/chart/renderer/xy/HighLowRenderer,4
org/jfree/chart/labels/StandardCategoryItemLabelGenerator,4
org/jfree/data/xy/YInterval,4
org/jfree/chart/text/format/LogFormat,4
org/jfree/chart/api/HorizontalAlignment,4
org/jfree/chart/swing/editor/DefaultChartEditor,4
org/jfree/chart/swing/UIUtils,4
org/jfree/data/xy/VectorXYDataset,4
org/jfree/chart/labels/StandardXYZToolTipGenerator,4
org/jfree/data/xy/YIntervalSeriesCollection,4
org/jfree/chart/swing/editor/DefaultNumberAxisEditor,4
org/jfree/chart/renderer/category/StackedBarRenderer,4
org/jfree/data/xy/TableXYDataset,4
org/jfree/chart/renderer/category/IntervalBarRenderer,4
org/jfree/chart/labels/PieSectionLabelGenerator,4
org/jfree/data/xml/CategorySeriesHandler,4
org/jfree/data/KeyedValue,4
org/jfree/chart/annotations/XYAnnotationBoundsInfo,3
org/jfree/chart/renderer/xy/CyclicXYItemRenderer$OverwriteDataSet,3
org/jfree/chart/block/EntityBlockResult,3
org/jfree/chart/renderer/LookupPaintScale,3
org/jfree/chart/swing/editor/DefaultLogAxisEditor,3
org/jfree/chart/urls/PieURLGenerator,3
org/jfree/chart/entity/CategoryItemEntity,3
org/jfree/chart/renderer/xy/XYBarRenderer$XYBarRendererState,3
org/jfree/chart/block/LengthConstraintType,3
org/jfree/chart/labels/BubbleXYItemLabelGenerator,3
org/jfree/data/time/MovingAverage,3
org/jfree/chart/util/DefaultShadowGenerator,3
org/jfree/chart/renderer/category/StatisticalBarRenderer,3
org/jfree/chart/axis/TickUnits,3
org/jfree/chart/renderer/xy/XYBubbleRenderer,3
org/jfree/chart/labels/StandardCategorySeriesLabelGenerator,3
org/jfree/chart/plot/flow/FlowPlot,3
org/jfree/chart/renderer/RendererState,3
org/jfree/chart/renderer/RendererUtils,3
org/jfree/data/xy/Vector,3
org/jfree/data/xml/PieDatasetHandler,3
org/jfree/data/xy/MatrixSeriesCollection,3
org/jfree/chart/axis/CategoryTick,3
org/jfree/chart/entity/PlotEntity,3
org/jfree/data/xml/ValueHandler,3
org/jfree/data/xml/KeyHandler,3
org/jfree/chart/renderer/xy/XYSplineRenderer,3
org/jfree/chart/renderer/category/ScatterRenderer,3
org/jfree/chart/labels/CategoryToolTipGenerator,3
org/jfree/chart/block/Arrangement,3
org/jfree/chart/entity/LegendItemEntity,3
org/jfree/chart/renderer/category/AreaRenderer,3
org/jfree/chart/axis/CategoryAnchor,3
org/jfree/chart/renderer/category/CategoryStepRenderer,3
org/jfree/data/KeyedValueComparator,3
org/jfree/chart/internal/ArrayUtils,3
org/jfree/chart/title/DateTitle,3
org/jfree/chart/block/LineBorder,3
org/jfree/chart/labels/XYItemLabelGenerator,3
org/jfree/chart/urls/CategoryURLGenerator,3
org/jfree/chart/swing/Overlay,3
org/jfree/chart/entity/JFreeChartEntity,3
org/jfree/data/KeyedValues2DItemKey,3
org/jfree/data/general/DefaultKeyedValueDataset,3
org/jfree/data/DomainInfo,3
org/jfree/chart/title/CompositeTitle,3
org/jfree/data/xml/CategoryDatasetHandler,3
org/jfree/chart/labels/ItemLabelAnchor,3
org/jfree/chart/api/Layer,3
org/jfree/chart/axis/QuarterDateFormat,3
org/jfree/chart/labels/HighLowItemLabelGenerator,3
org/jfree/chart/labels/StandardXYSeriesLabelGenerator,3
org/jfree/chart/entity/AxisEntity,3
org/jfree/chart/plot/dial/DialScale,3
org/jfree/chart/text/format/HexNumberFormat,2
org/jfree/chart/plot/DatasetRenderingOrder,2
org/jfree/chart/plot/DialShape,2
org/jfree/chart/plot/dial/StandardDialScale,2
org/jfree/data/statistics/HistogramType,2
org/jfree/data/xy/XYDatasetTableModel,2
org/jfree/chart/legend/LegendRenderingOrder,2
org/jfree/chart/text/AttributedStringUtils,2
org/jfree/data/statistics/DefaultBoxAndWhiskerXYDataset,2
org/jfree/data/json/impl/JSONAware,2
org/jfree/chart/labels/StandardCrosshairLabelGenerator,2
org/jfree/chart/renderer/AreaRendererEndType,2
org/jfree/chart/swing/MouseWheelHandler,2
org/jfree/data/general/DefaultHeatMapDataset,2
org/jfree/chart/imagemap/OverLIBToolTipTagFragmentGenerator,2
org/jfree/chart/plot/dial/DialValueIndicator,2
org/jfree/chart/renderer/category/StandardBarPainter,2
org/jfree/chart/event/ChartProgressEventType,2
org/jfree/chart/annotations/XYBoxAnnotation,2
org/jfree/data/xy/WindDataset,2
org/jfree/chart/swing/ChartMouseEvent,2
org/jfree/chart/event/ChartChangeEventType,2
org/jfree/chart/entity/PieSectionEntity,2
org/jfree/chart/swing/ChartMouseListener,2
org/jfree/data/RangeType,2
org/jfree/chart/swing/AbstractOverlay,2
org/jfree/chart/renderer/xy/XYShapeRenderer,2
org/jfree/chart/event/RendererChangeListener,2
org/jfree/data/xy/AbstractXYZDataset,2
org/jfree/data/DomainOrder,2
org/jfree/chart/annotations/XYAnnotation,2
org/jfree/chart/api/SortOrder,2
org/jfree/data/xy/XYItemKey,2
org/jfree/chart/plot/pie/PieLabelLinkStyle,2
org/jfree/chart/annotations/XYPolygonAnnotation,2
org/jfree/chart/api/TableOrder,2
org/jfree/data/time/TimePeriodAnchor,2
org/jfree/chart/axis/DateTickMarkPosition,2
org/jfree/chart/axis/TickType,2
org/jfree/chart/labels/PieToolTipGenerator,2
org/jfree/chart/renderer/xy/ClusteredXYBarRenderer,2
org/jfree/chart/axis/MarkerAxisBand,2
org/jfree/chart/labels/MultipleXYSeriesLabelGenerator,2
org/jfree/data/statistics/MultiValueCategoryDataset,2
org/jfree/chart/util/GradientPaintTransformType,2
org/jfree/chart/axis/CategoryLabelWidthType,2
org/jfree/chart/labels/StandardFlowLabelGenerator,2
org/jfree/data/general/SeriesChangeEvent,2
org/jfree/chart/plot/PolarAxisLocation,2
org/jfree/chart/api/XYCoordinateType,2
org/jfree/chart/annotations/XYShapeAnnotation,2
org/jfree/chart/util/ExportUtils,2
org/jfree/data/xy/IntervalXYZDataset,2
org/jfree/chart/axis/CyclicNumberAxis$CycleBoundTick,2
org/jfree/chart/labels/CrosshairLabelGenerator,2
org/jfree/chart/api/LengthAdjustmentType,2
org/jfree/data/json/JSONUtils,2
org/jfree/data/time/TimeSeriesTableModel,2
org/jfree/chart/text/TextBlockAnchor,2
org/jfree/chart/api/UnitType,2
org/jfree/chart/renderer/xy/XYSplineRenderer$FillType,2
org/jfree/chart/plot/CenterTextMode,2
org/jfree/chart/renderer/xy/StandardXYBarPainter,2
org/jfree/chart/renderer/GrayPaintScale,2
org/jfree/chart/plot/SeriesRenderingOrder,2
org/jfree/chart/axis/AxisLabelLocation,2
org/jfree/data/KeyedValueComparatorType,2
org/jfree/chart/labels/StandardXYItemLabelGenerator,2
org/jfree/chart/renderer/LookupPaintScale$PaintItem,1
org/jfree/chart/labels/IntervalXYItemLabelGenerator,1
org/jfree/chart/renderer/xy/WindItemRenderer,1
org/jfree/chart/event/AnnotationChangeListener,1
org/jfree/chart/labels/IntervalXYToolTipGenerator,1
org/jfree/chart/swing/ChartFrame,1
org/jfree/chart/plot/dial/StandardDialRange,1
org/jfree/chart/imagemap/URLTagFragmentGenerator,1
org/jfree/chart/annotations/XYDataImageAnnotation,1
org/jfree/chart/text/TextMeasurer,1
org/jfree/chart/imagemap/ToolTipTagFragmentGenerator,1
org/jfree/chart/renderer/xy/DeviationRenderer$State,1
org/jfree/chart/axis/DateAxis$DefaultTimeline,1
org/jfree/chart/ChartColor,1
org/jfree/chart/ChartHints$Key,1
org/jfree/chart/annotations/XYTitleAnnotation,1
org/jfree/chart/swing/OverlayChangeListener,1
org/jfree/chart/labels/IntervalCategoryToolTipGenerator,1
org/jfree/chart/plot/dial/DialPointer$Pin,1
org/jfree/chart/util/StringUtils,1
org/jfree/chart/plot/compass/LineNeedle,1
org/jfree/chart/block/ColorBlock,1
org/jfree/chart/entity/NodeEntity,1
org/jfree/chart/plot/compass/ShipNeedle,1
org/jfree/chart/entity/XYAnnotationEntity,1
org/jfree/chart/renderer/category/CategoryStepRenderer$State,1
org/jfree/chart/plot/dial/StandardDialFrame,1
org/jfree/chart/annotations/XYDrawableAnnotation,1
org/jfree/chart/labels/BoxAndWhiskerXYToolTipGenerator,1
org/jfree/chart/plot/dial/DialPointer$Pointer,1
org/jfree/chart/event/PlotChangeListener,1
org/jfree/chart/block/EmptyBlock,1
org/jfree/chart/plot/dial/DialBackground,1
org/jfree/chart/encoders/SunPNGEncoderAdapter,1
org/jfree/chart/swing/editor/ChartEditorManager,1
org/jfree/data/general/Dataset,1
org/jfree/chart/renderer/xy/XYDotRenderer,1
org/jfree/chart/plot/compass/MiddlePinNeedle,1
org/jfree/chart/labels/BoxAndWhiskerToolTipGenerator,1
org/jfree/data/xy/XYDomainInfo,1
org/jfree/chart/renderer/category/StatisticalLineAndShapeRenderer,1
org/jfree/chart/renderer/xy/DeviationStepRenderer,1
org/jfree/chart/plot/compass/PinNeedle,1
org/jfree/chart/plot/compass/WindNeedle,1
org/jfree/chart/urls/StandardXYZURLGenerator,1
org/jfree/chart/renderer/category/GroupedStackedBarRenderer,1
org/jfree/data/ItemKey,1
org/jfree/data/category/CategoryRangeInfo,1
org/jfree/chart/renderer/xy/SamplingXYLineRenderer$State,1
org/jfree/chart/entity/FlowEntity,1
org/jfree/chart/entity/CategoryLabelEntity,1
org/jfree/chart/swing/editor/ChartEditor,1
org/jfree/chart/plot/compass/PointerNeedle,1
org/jfree/chart/swing/DefaultSelectionZoomStrategy,1
org/jfree/chart/swing/NumberCellRenderer,1
org/jfree/data/general/DatasetChangeListener,1
org/jfree/chart/swing/editor/DefaultChartEditorFactory,1
org/jfree/chart/annotations/XYImageAnnotation,1
org/jfree/chart/JFreeChart$1,1
org/jfree/chart/labels/FlowLabelGenerator,1
org/jfree/chart/text/format/HMSNumberFormat,1
org/jfree/chart/annotations/XYLineAnnotation,1
org/jfree/chart/plot/compass/PlumNeedle,1
org/jfree/chart/plot/compass/LongNeedle,1
org/jfree/chart/renderer/xy/YIntervalRenderer,1
org/jfree/chart/renderer/category/MinMaxCategoryRenderer$2,1
org/jfree/chart/renderer/category/MinMaxCategoryRenderer$1,1
org/jfree/data/xy/YisSymbolic,1
org/jfree/chart/plot/dial/DialFrame,1
org/jfree/data/function/Function2D,1
org/jfree/chart/labels/SymbolicXYItemLabelGenerator,1
org/jfree/chart/renderer/xy/XYSplineRenderer$XYSplineState,1
org/jfree/data/general/SeriesChangeListener,1
org/jfree/chart/event/ChartProgressListener,1
org/jfree/chart/axis/StandardTickUnitSource,1
org/jfree/chart/annotations/CategoryAnnotation,1
org/jfree/chart/event/ChartChangeListener,1
org/jfree/chart/entity/TickLabelEntity,1
org/jfree/chart/plot/dial/DialLayerChangeListener,1
org/jfree/chart/renderer/xy/StackedXYBarRenderer,1
org/jfree/chart/legend/LegendItemSource,1
org/jfree/chart/event/AnnotationChangeEvent,1
org/jfree/chart/swing/OverlayChangeEvent,1
org/jfree/data/xy/XYRangeInfo,1
org/jfree/chart/encoders/SunJPEGEncoderAdapter,1
org/jfree/chart/StandardChartTheme$1,1
org/jfree/chart/event/ChartProgressEvent,1
org/jfree/chart/event/TitleChangeListener,1
org/jfree/data/statistics/Regression,1
org/jfree/data/xy/XisSymbolic,1
org/jfree/data/json/impl/JSONStreamAware,1
org/jfree/chart/renderer/xy/XYAreaRenderer$XYAreaRendererState,1
org/jfree/chart/event/AxisChangeListener,1
org/jfree/chart/swing/editor/ChartEditorFactory,1
org/jfree/chart/event/MarkerChangeListener,1
org/jfree/chart/imagemap/DynamicDriveToolTipTagFragmentGenerator,0
org/jfree/chart/renderer/xy/CyclicXYItemRenderer,0
org/jfree/chart/api/RectangleEdge$1,0
org/jfree/data/statistics/DefaultMultiValueCategoryDataset,0
org/jfree/data/function/LineFunction2D,0
org/jfree/chart/title/ImageTitle$1,0
org/jfree/chart/axis/AxisCollection$1,0
org/jfree/chart/labels/IntervalCategoryItemLabelGenerator,0
org/jfree/chart/renderer/xy/DefaultXYItemRenderer,0
org/jfree/chart/axis/AxisLocation$1,0
org/jfree/chart/legend/LegendGraphic$1,0
org/jfree/data/KeyedValuesItemKey,0
org/jfree/chart/annotations/CategoryPointerAnnotation,0
org/jfree/chart/renderer/xy/XYErrorRenderer,0
org/jfree/chart/renderer/category/DefaultCategoryItemRenderer,0
org/jfree/data/function/NormalDistributionFunction2D,0
org/jfree/chart/plot/Plot$1,0
org/jfree/data/general/HeatMapUtils,0
org/jfree/chart/axis/ExtendedCategoryAxis,0
org/jfree/chart/axis/AxisState$1,0
org/jfree/chart/urls/TimeSeriesURLGenerator,0
org/jfree/chart/axis/Axis$1,0
org/jfree/chart/annotations/XYPointerAnnotation,0
org/jfree/chart/renderer/xy/VectorRenderer,0
org/jfree/chart/api/RectangleAlignment$1,0
org/jfree/chart/JFreeChart$2,0
org/jfree/chart/renderer/AbstractRenderer$1,0
org/jfree/chart/plot/dial/DialTextAnnotation,0
org/jfree/chart/plot/XYCrosshairState,0
org/jfree/chart/api/RectangleAnchor$1,0
org/jfree/chart/renderer/xy/SamplingXYLineRenderer,0
org/jfree/data/function/PowerFunction2D,0
org/jfree/chart/ChartHints,0
org/jfree/data/general/DefaultKeyedValuesDataset,0
org/jfree/data/function/PolynomialFunction2D,0
org/jfree/data/xy/NormalizedMatrixSeries,0
org/jfree/chart/axis/CategoryAxis$1,0
org/jfree/data/general/DefaultKeyedValues2DDataset,0
org/jfree/chart/renderer/xy/AbstractXYItemRenderer$1,0
org/jfree/chart/plot/dial/DialCap,0
