src/main/java/org/jfree/chart/plot/XYPlot.java,5393
src/main/java/org/jfree/chart/plot/CategoryPlot.java,4902
src/main/java/org/jfree/chart/plot/pie/PiePlot.java,3218
src/main/java/org/jfree/chart/swing/ChartPanel.java,3078
src/main/java/org/jfree/chart/renderer/AbstractRenderer.java,3059
src/main/java/org/jfree/data/general/DatasetUtils.java,2443
src/main/java/org/jfree/chart/ChartFactory.java,2047
src/main/java/org/jfree/chart/plot/PolarPlot.java,2014
src/main/java/org/jfree/chart/axis/DateAxis.java,1821
src/main/java/org/jfree/chart/StandardChartTheme.java,1796
src/main/java/org/jfree/chart/axis/Axis.java,1682
src/main/java/org/jfree/chart/axis/ValueAxis.java,1672
src/main/java/org/jfree/chart/renderer/category/AbstractCategoryItemRenderer.java,1667
src/main/java/org/jfree/chart/renderer/xy/AbstractXYItemRenderer.java,1645
src/main/java/org/jfree/chart/JFreeChart.java,1642
src/main/java/org/jfree/chart/plot/ThermometerPlot.java,1618
src/main/java/org/jfree/chart/renderer/category/CategoryItemRenderer.java,1598
src/main/java/org/jfree/chart/renderer/xy/XYItemRenderer.java,1492
src/main/java/org/jfree/chart/plot/SpiderWebPlot.java,1454
src/main/java/org/jfree/chart/plot/Plot.java,1445
src/main/java/org/jfree/chart/axis/CategoryAxis.java,1403
src/main/java/org/jfree/chart/renderer/category/BarRenderer.java,1307
src/main/java/org/jfree/chart/plot/MeterPlot.java,1302
src/main/java/org/jfree/data/time/TimeSeries.java,1246
src/main/java/org/jfree/chart/renderer/xy/XYDifferenceRenderer.java,1191
src/main/java/org/jfree/chart/axis/PeriodAxis.java,1186
src/main/java/org/jfree/chart/renderer/xy/XYBarRenderer.java,1184
src/main/java/org/jfree/chart/renderer/xy/XYLineAndShapeRenderer.java,1183
src/main/java/org/jfree/chart/axis/CyclicNumberAxis.java,1165
src/main/java/org/jfree/chart/axis/NumberAxis.java,1133
src/main/java/org/jfree/chart/renderer/category/BoxAndWhiskerRenderer.java,1118
src/main/java/org/jfree/chart/legend/LegendItem.java,1084
src/main/java/org/jfree/chart/plot/FastScatterPlot.java,1084
src/main/java/org/jfree/chart/axis/LogAxis.java,1039
src/main/java/org/jfree/chart/axis/LogarithmicAxis.java,1034
src/main/java/org/jfree/chart/renderer/xy/StandardXYItemRenderer.java,1000
src/main/java/org/jfree/chart/plot/dial/StandardDialScale.java,998
src/main/java/org/jfree/chart/date/SerialDate.java,982
src/main/java/org/jfree/data/xy/XYSeries.java,962
src/main/java/org/jfree/data/time/DynamicTimeSeriesCollection.java,948
src/main/java/org/jfree/data/statistics/DefaultBoxAndWhiskerCategoryDataset.java,936
src/main/java/org/jfree/chart/renderer/DefaultPolarItemRenderer.java,910
src/main/java/org/jfree/chart/renderer/xy/CandlestickRenderer.java,899
src/main/java/org/jfree/chart/plot/compass/CompassPlot.java,866
src/main/java/org/jfree/chart/title/TextTitle.java,857
src/main/java/org/jfree/chart/renderer/category/LineAndShapeRenderer.java,848
src/main/java/org/jfree/chart/plot/flow/FlowPlot.java,828
src/main/java/org/jfree/chart/plot/dial/DialPlot.java,822
src/main/java/org/jfree/chart/renderer/xy/XYBoxAndWhiskerRenderer.java,811
src/main/java/org/jfree/data/category/DefaultIntervalCategoryDataset.java,807
src/main/java/org/jfree/chart/plot/dial/DialValueIndicator.java,762
src/main/java/org/jfree/chart/text/TextUtils.java,759
src/main/java/org/jfree/data/xy/XYSeriesCollection.java,756
src/main/java/org/jfree/chart/plot/CombinedDomainXYPlot.java,754
src/main/java/org/jfree/data/statistics/DefaultStatisticalCategoryDataset.java,747
src/main/java/org/jfree/chart/legend/LegendGraphic.java,745
src/main/java/org/jfree/chart/axis/SymbolAxis.java,743
src/main/java/org/jfree/chart/plot/Crosshair.java,734
src/main/java/org/jfree/chart/renderer/xy/XYAreaRenderer.java,717
src/main/java/org/jfree/data/time/TimeSeriesCollection.java,714
src/main/java/org/jfree/chart/legend/PaintScaleLegend.java,713
src/main/java/org/jfree/chart/plot/CombinedRangeXYPlot.java,712
src/main/java/org/jfree/chart/ChartUtils.java,711
src/main/java/org/jfree/data/gantt/TaskSeriesCollection.java,690
src/main/java/org/jfree/chart/plot/RingPlot.java,685
src/main/java/org/jfree/chart/legend/LegendTitle.java,679
src/main/java/org/jfree/chart/internal/SerialUtils.java,671
src/main/java/org/jfree/chart/plot/CombinedDomainCategoryPlot.java,670
src/main/java/org/jfree/chart/renderer/xy/StackedXYAreaRenderer.java,670
src/main/java/org/jfree/chart/plot/Marker.java,668
src/main/java/org/jfree/data/gantt/SlidingGanttCategoryDataset.java,658
src/main/java/org/jfree/data/time/Week.java,657
src/main/java/org/jfree/chart/annotations/XYTextAnnotation.java,644
src/main/java/org/jfree/chart/block/AbstractBlock.java,636
src/main/java/org/jfree/chart/plot/pie/MultiplePiePlot.java,635
src/main/java/org/jfree/data/xy/DefaultTableXYDataset.java,634
src/main/java/org/jfree/chart/renderer/xy/XYStepAreaRenderer.java,630
src/main/java/org/jfree/chart/swing/editor/DefaultPlotEditor.java,629
src/main/java/org/jfree/chart/plot/dial/DialPointer.java,627
src/main/java/org/jfree/chart/renderer/category/GanttRenderer.java,611
src/main/java/org/jfree/chart/renderer/xy/XYShapeRenderer.java,607
src/main/java/org/jfree/data/time/TimeTableXYDataset.java,605
src/main/java/org/jfree/chart/swing/CrosshairOverlay.java,597
src/main/java/org/jfree/chart/renderer/category/ScatterRenderer.java,582
src/main/java/org/jfree/chart/plot/CombinedRangeCategoryPlot.java,568
src/main/java/org/jfree/data/statistics/DefaultBoxAndWhiskerXYDataset.java,565
src/main/java/org/jfree/chart/renderer/category/StatisticalBarRenderer.java,564
src/main/java/org/jfree/data/DefaultKeyedValues2D.java,556
src/main/java/org/jfree/data/xy/DefaultIntervalXYDataset.java,552
src/main/java/org/jfree/chart/text/format/RelativeDateFormat.java,550
src/main/java/org/jfree/chart/annotations/XYPointerAnnotation.java,548
src/main/java/org/jfree/chart/block/BorderArrangement.java,542
src/main/java/org/jfree/chart/renderer/category/MinMaxCategoryRenderer.java,542
src/main/java/org/jfree/chart/annotations/CategoryPointerAnnotation.java,534
src/main/java/org/jfree/data/time/Month.java,534
src/main/java/org/jfree/chart/plot/DefaultDrawingSupplier.java,533
src/main/java/org/jfree/chart/renderer/xy/StackedXYAreaRenderer2.java,530
src/main/java/org/jfree/chart/api/RectangleInsets.java,524
src/main/java/org/jfree/chart/renderer/xy/XYBlockRenderer.java,522
src/main/java/org/jfree/chart/internal/ShapeUtils.java,519
src/main/java/org/jfree/chart/swing/editor/DefaultAxisEditor.java,513
src/main/java/org/jfree/chart/plot/dial/ArcDialFrame.java,511
src/main/java/org/jfree/chart/renderer/xy/XYSplineRenderer.java,505
src/main/java/org/jfree/data/KeyedObjects2D.java,499
src/main/java/org/jfree/data/statistics/HistogramDataset.java,499
src/main/java/org/jfree/data/time/Minute.java,493
src/main/java/org/jfree/data/time/ohlc/OHLCSeriesCollection.java,493
src/main/java/org/jfree/data/statistics/SimpleHistogramDataset.java,489
src/main/java/org/jfree/data/time/Quarter.java,489
src/main/java/org/jfree/chart/renderer/xy/HighLowRenderer.java,487
src/main/java/org/jfree/data/gantt/XYTaskDataset.java,485
src/main/java/org/jfree/data/time/Hour.java,484
src/main/java/org/jfree/chart/renderer/xy/CyclicXYItemRenderer.java,479
src/main/java/org/jfree/chart/renderer/category/StackedAreaRenderer.java,478
src/main/java/org/jfree/data/time/Day.java,476
src/main/java/org/jfree/chart/renderer/category/LayeredBarRenderer.java,474
src/main/java/org/jfree/chart/renderer/category/WaterfallBarRenderer.java,474
src/main/java/org/jfree/data/time/TimePeriodValues.java,471
src/main/java/org/jfree/data/xy/IntervalXYDelegate.java,469
src/main/java/org/jfree/chart/renderer/category/StatisticalLineAndShapeRenderer.java,463
src/main/java/org/jfree/data/time/Second.java,460
src/main/java/org/jfree/data/ComparableObjectSeries.java,458
src/main/java/org/jfree/data/Range.java,454
src/main/java/org/jfree/data/statistics/Statistics.java,454
src/main/java/org/jfree/data/DefaultKeyedValues.java,452
src/main/java/org/jfree/data/time/Millisecond.java,451
src/main/java/org/jfree/chart/date/SpreadsheetDate.java,450
src/main/java/org/jfree/data/time/TimePeriodValuesCollection.java,446
src/main/java/org/jfree/chart/renderer/xy/XYErrorRenderer.java,444
src/main/java/org/jfree/data/category/DefaultCategoryDataset.java,444
src/main/java/org/jfree/chart/block/FlowArrangement.java,442
src/main/java/org/jfree/chart/block/GridArrangement.java,442
src/main/java/org/jfree/chart/title/Title.java,438
src/main/java/org/jfree/chart/renderer/category/LevelRenderer.java,437
src/main/java/org/jfree/chart/plot/WaferMapPlot.java,433
src/main/java/org/jfree/chart/axis/SubCategoryAxis.java,432
src/main/java/org/jfree/data/xy/DefaultHighLowDataset.java,430
src/main/java/org/jfree/chart/plot/dial/StandardDialRange.java,429
src/main/java/org/jfree/chart/axis/ModuloAxis.java,427
src/main/java/org/jfree/data/xy/DefaultWindDataset.java,426
src/main/java/org/jfree/data/xy/DefaultXYZDataset.java,426
src/main/java/org/jfree/chart/annotations/CategoryLineAnnotation.java,424
src/main/java/org/jfree/chart/renderer/xy/XYAreaRenderer2.java,423
src/main/java/org/jfree/chart/text/TextBox.java,423
src/main/java/org/jfree/chart/block/LabelBlock.java,421
src/main/java/org/jfree/chart/plot/compass/MeterNeedle.java,420
src/main/java/org/jfree/chart/swing/editor/DefaultValueAxisEditor.java,419
src/main/java/org/jfree/data/xy/CategoryTableXYDataset.java,416
src/main/java/org/jfree/data/statistics/DefaultMultiValueCategoryDataset.java,413
src/main/java/org/jfree/chart/renderer/xy/StackedXYBarRenderer.java,407
src/main/java/org/jfree/data/time/Year.java,405
src/main/java/org/jfree/chart/axis/CategoryLabelPositions.java,401
src/main/java/org/jfree/chart/entity/ChartEntity.java,401
src/main/java/org/jfree/chart/plot/dial/DialTextAnnotation.java,395
src/main/java/org/jfree/chart/annotations/XYTitleAnnotation.java,391
src/main/java/org/jfree/data/time/RegularTimePeriod.java,389
src/main/java/org/jfree/data/xy/XIntervalSeriesCollection.java,389
src/main/java/org/jfree/chart/util/PaintAlpha.java,387
src/main/java/org/jfree/data/xy/XYIntervalSeriesCollection.java,386
src/main/java/org/jfree/chart/block/ColumnArrangement.java,384
src/main/java/org/jfree/data/xy/XYBarDataset.java,383
src/main/java/org/jfree/data/xy/DefaultXYDataset.java,381
src/main/java/org/jfree/chart/renderer/LookupPaintScale.java,379
src/main/java/org/jfree/chart/renderer/WaferMapRenderer.java,378
src/main/java/org/jfree/chart/renderer/xy/DeviationRenderer.java,378
src/main/java/org/jfree/chart/annotations/XYBoxAnnotation.java,376
src/main/java/org/jfree/chart/renderer/category/StackedBarRenderer.java,376
src/main/java/org/jfree/data/category/SlidingCategoryDataset.java,376
src/main/java/org/jfree/data/flow/DefaultFlowDataset.java,376
src/main/java/org/jfree/chart/renderer/category/GradientBarPainter.java,373
src/main/java/org/jfree/chart/renderer/xy/GradientXYBarPainter.java,372
src/main/java/org/jfree/chart/axis/AxisSpace.java,370
src/main/java/org/jfree/chart/renderer/xy/XYDotRenderer.java,368
src/main/java/org/jfree/chart/annotations/XYDataImageAnnotation.java,364
src/main/java/org/jfree/chart/renderer/xy/SamplingXYLineRenderer.java,364
src/main/java/org/jfree/chart/title/ImageTitle.java,364
src/main/java/org/jfree/data/statistics/Regression.java,361
src/main/java/org/jfree/chart/annotations/XYLineAnnotation.java,359
src/main/java/org/jfree/chart/renderer/category/CategoryStepRenderer.java,359
src/main/java/org/jfree/chart/renderer/xy/ClusteredXYBarRenderer.java,359
src/main/java/org/jfree/chart/plot/CrosshairState.java,358
src/main/java/org/jfree/chart/renderer/category/GroupedStackedBarRenderer.java,358
src/main/java/org/jfree/chart/axis/PeriodAxisLabelInfo.java,355
src/main/java/org/jfree/chart/plot/dial/StandardDialFrame.java,353
src/main/java/org/jfree/data/general/DefaultPieDataset.java,353
src/main/java/org/jfree/chart/annotations/TextAnnotation.java,350
src/main/java/org/jfree/chart/annotations/XYPolygonAnnotation.java,350
src/main/java/org/jfree/chart/block/RectangleConstraint.java,350
src/main/java/org/jfree/chart/labels/AbstractXYItemLabelGenerator.java,349
src/main/java/org/jfree/chart/axis/DateTickUnit.java,348
src/main/java/org/jfree/data/xy/YIntervalSeriesCollection.java,348
src/main/java/org/jfree/data/xy/DefaultOHLCDataset.java,346
src/main/java/org/jfree/chart/renderer/xy/XYStepRenderer.java,344
src/main/java/org/jfree/data/json/impl/JSONValue.java,342
src/main/java/org/jfree/data/KeyedObjects.java,340
src/main/java/org/jfree/chart/renderer/xy/XYBubbleRenderer.java,338
src/main/java/org/jfree/chart/plot/dial/DialCap.java,335
src/main/java/org/jfree/chart/renderer/xy/VectorRenderer.java,335
src/main/java/org/jfree/data/general/DefaultHeatMapDataset.java,335
src/main/java/org/jfree/data/time/MovingAverage.java,335
src/main/java/org/jfree/chart/renderer/category/AreaRenderer.java,332
src/main/java/org/jfree/data/xy/VectorSeriesCollection.java,331
src/main/java/org/jfree/chart/util/AttrStringUtils.java,328
src/main/java/org/jfree/chart/util/DefaultShadowGenerator.java,326
src/main/java/org/jfree/chart/block/CenterArrangement.java,325
src/main/java/org/jfree/data/category/CategoryToPieDataset.java,324
src/main/java/org/jfree/chart/labels/AbstractCategoryItemLabelGenerator.java,313
src/main/java/org/jfree/data/xy/MatrixSeriesCollection.java,313
src/main/java/org/jfree/chart/renderer/xy/DeviationStepRenderer.java,312
src/main/java/org/jfree/data/KeyToGroupMap.java,309
src/main/java/org/jfree/chart/renderer/xy/YIntervalRenderer.java,307
src/main/java/org/jfree/chart/text/TextBlock.java,307
src/main/java/org/jfree/data/general/WaferMapDataset.java,307
src/main/java/org/jfree/chart/annotations/XYShapeAnnotation.java,298
src/main/java/org/jfree/chart/annotations/XYDrawableAnnotation.java,297
src/main/java/org/jfree/chart/annotations/XYImageAnnotation.java,297
src/main/java/org/jfree/data/statistics/BoxAndWhiskerItem.java,296
src/main/java/org/jfree/chart/text/TextFragment.java,295
src/main/java/org/jfree/chart/swing/editor/DefaultTitleEditor.java,292
src/main/java/org/jfree/data/time/FixedMillisecond.java,291
src/main/java/org/jfree/chart/plot/PlotRenderingInfo.java,289
src/main/java/org/jfree/data/statistics/SimpleHistogramBin.java,281
src/main/java/org/jfree/chart/plot/pie/PieLabelRecord.java,280
src/main/java/org/jfree/chart/block/BlockContainer.java,277
src/main/java/org/jfree/chart/plot/pie/PiePlotState.java,275
src/main/java/org/jfree/chart/labels/IntervalXYItemLabelGenerator.java,271
src/main/java/org/jfree/chart/annotations/CategoryTextAnnotation.java,270
src/main/java/org/jfree/chart/axis/MarkerAxisBand.java,269
src/main/java/org/jfree/chart/labels/BubbleXYItemLabelGenerator.java,267
src/main/java/org/jfree/chart/swing/DefaultSelectionZoomStrategy.java,267
src/main/java/org/jfree/chart/swing/editor/DefaultChartEditor.java,267
src/main/java/org/jfree/data/time/TimeSeriesTableModel.java,267
src/main/java/org/jfree/chart/plot/dial/DialBackground.java,264
src/main/java/org/jfree/chart/swing/editor/LCBLayout.java,264
src/main/java/org/jfree/chart/labels/IntervalXYToolTipGenerator.java,262
src/main/java/org/jfree/data/DataUtils.java,260
src/main/java/org/jfree/chart/labels/StandardXYZToolTipGenerator.java,258
src/main/java/org/jfree/data/xy/XYDatasetTableModel.java,258
src/main/java/org/jfree/chart/imagemap/ImageMapUtils.java,257
src/main/java/org/jfree/data/gantt/Task.java,256
src/main/java/org/jfree/chart/ChartTransferable.java,255
src/main/java/org/jfree/chart/axis/CategoryLabelPosition.java,255
src/main/java/org/jfree/chart/renderer/RendererUtils.java,254
src/main/java/org/jfree/chart/ChartRenderingInfo.java,253
src/main/java/org/jfree/chart/axis/ExtendedCategoryAxis.java,250
src/main/java/org/jfree/chart/labels/StandardPieSectionLabelGenerator.java,250
src/main/java/org/jfree/chart/axis/MonthDateFormat.java,247
src/main/java/org/jfree/chart/renderer/category/IntervalBarRenderer.java,245
src/main/java/org/jfree/chart/title/CompositeTitle.java,244
src/main/java/org/jfree/chart/text/TextLine.java,243
src/main/java/org/jfree/chart/text/format/LogFormat.java,243
src/main/java/org/jfree/data/general/Series.java,243
src/main/java/org/jfree/data/xy/XYDataItem.java,243
src/main/java/org/jfree/data/statistics/BoxAndWhiskerCategoryDataset.java,241
src/main/java/org/jfree/data/general/AbstractDataset.java,240
src/main/java/org/jfree/chart/swing/PolarChartPanel.java,236
src/main/java/org/jfree/chart/title/ShortTextTitle.java,236
src/main/java/org/jfree/chart/entity/PieSectionEntity.java,235
src/main/java/org/jfree/chart/axis/NumberTickUnitSource.java,234
src/main/java/org/jfree/chart/block/BlockBorder.java,233
src/main/java/org/jfree/chart/block/LineBorder.java,233
src/main/java/org/jfree/chart/labels/AbstractPieItemLabelGenerator.java,233
src/main/java/org/jfree/chart/labels/MultipleXYSeriesLabelGenerator.java,231
src/main/java/org/jfree/data/xy/MatrixSeries.java,227
src/main/java/org/jfree/chart/urls/CustomPieURLGenerator.java,225
src/main/java/org/jfree/chart/renderer/GrayPaintScale.java,222
src/main/java/org/jfree/chart/util/ExportUtils.java,221
src/main/java/org/jfree/chart/plot/MeterInterval.java,220
src/main/java/org/jfree/data/statistics/BoxAndWhiskerCalculator.java,220
src/main/java/org/jfree/chart/annotations/AbstractAnnotation.java,219
src/main/java/org/jfree/chart/plot/IntervalMarker.java,218
src/main/java/org/jfree/chart/renderer/category/StandardBarPainter.java,218
src/main/java/org/jfree/chart/renderer/xy/StandardXYBarPainter.java,218
src/main/java/org/jfree/data/time/SimpleTimePeriod.java,217
src/main/java/org/jfree/chart/internal/PaintUtils.java,215
src/main/java/org/jfree/chart/plot/pie/PieLabelDistributor.java,215
src/main/java/org/jfree/chart/labels/HighLowItemLabelGenerator.java,213
src/main/java/org/jfree/chart/renderer/Outlier.java,213
src/main/java/org/jfree/chart/plot/dial/AbstractDialLayer.java,212
src/main/java/org/jfree/chart/axis/TickUnits.java,211
src/main/java/org/jfree/chart/swing/editor/DefaultPolarPlotEditor.java,211
src/main/java/org/jfree/chart/urls/CustomXYURLGenerator.java,211
src/main/java/org/jfree/chart/entity/StandardEntityCollection.java,209
src/main/java/org/jfree/chart/swing/editor/FontChooserPanel.java,208
src/main/java/org/jfree/chart/entity/AxisEntity.java,207
src/main/java/org/jfree/chart/entity/JFreeChartEntity.java,207
src/main/java/org/jfree/chart/entity/PlotEntity.java,207
src/main/java/org/jfree/data/time/TimeSeriesDataItem.java,207
src/main/java/org/jfree/chart/entity/TitleEntity.java,206
src/main/java/org/jfree/chart/internal/HashUtils.java,206
src/main/java/org/jfree/chart/renderer/PolarItemRenderer.java,206
src/main/java/org/jfree/chart/swing/UIUtils.java,206
src/main/java/org/jfree/data/flow/FlowDatasetUtils.java,206
src/main/java/org/jfree/chart/internal/ArrayUtils.java,205
src/main/java/org/jfree/chart/renderer/category/CategoryItemRendererState.java,205
src/main/java/org/jfree/chart/urls/TimeSeriesURLGenerator.java,204
src/main/java/org/jfree/data/xy/XYIntervalSeries.java,204
src/main/java/org/jfree/chart/annotations/AbstractXYAnnotation.java,202
src/main/java/org/jfree/data/xy/OHLCDataItem.java,202
src/main/java/org/jfree/data/gantt/TaskSeries.java,201
src/main/java/org/jfree/data/io/CSV.java,201
src/main/java/org/jfree/chart/urls/StandardCategoryURLGenerator.java,199
src/main/java/org/jfree/chart/renderer/xy/XYItemRendererState.java,198
src/main/java/org/jfree/data/general/DefaultKeyedValueDataset.java,198
src/main/java/org/jfree/chart/labels/StandardXYToolTipGenerator.java,197
src/main/java/org/jfree/chart/axis/QuarterDateFormat.java,196
src/main/java/org/jfree/data/json/JSONUtils.java,196
src/main/java/org/jfree/chart/entity/CategoryItemEntity.java,195
src/main/java/org/jfree/chart/axis/AxisState.java,194
src/main/java/org/jfree/chart/labels/StandardXYItemLabelGenerator.java,194
src/main/java/org/jfree/chart/urls/CustomCategoryURLGenerator.java,193
src/main/java/org/jfree/data/json/impl/JSONObject.java,193
src/main/java/org/jfree/chart/block/ColorBlock.java,190
src/main/java/org/jfree/chart/encoders/EncoderUtil.java,190
src/main/java/org/jfree/chart/plot/CategoryMarker.java,190
src/main/java/org/jfree/chart/labels/ItemLabelPosition.java,189
src/main/java/org/jfree/chart/legend/LegendItemBlockContainer.java,189
src/main/java/org/jfree/chart/renderer/xy/WindItemRenderer.java,187
src/main/java/org/jfree/data/time/TimePeriodValue.java,187
src/main/java/org/jfree/chart/labels/CustomXYToolTipGenerator.java,185
src/main/java/org/jfree/chart/axis/TickUnit.java,184
src/main/java/org/jfree/chart/internal/CloneUtils.java,181
src/main/java/org/jfree/data/statistics/BoxAndWhiskerXYDataset.java,181
src/main/java/org/jfree/chart/ChartColor.java,180
src/main/java/org/jfree/chart/swing/SelectionZoomStrategy.java,180
src/main/java/org/jfree/chart/plot/compass/LongNeedle.java,179
src/main/java/org/jfree/data/statistics/MeanAndStandardDeviation.java,179
src/main/java/org/jfree/chart/plot/CategoryCrosshairState.java,176
src/main/java/org/jfree/data/xy/VectorSeries.java,176
src/main/java/org/jfree/data/xy/YIntervalSeries.java,176
src/main/java/org/jfree/data/xy/XIntervalSeries.java,175
src/main/java/org/jfree/chart/axis/Tick.java,174
src/main/java/org/jfree/chart/plot/compass/ArrowNeedle.java,174
src/main/java/org/jfree/data/gantt/GanttCategoryDataset.java,174
src/main/java/org/jfree/chart/renderer/OutlierList.java,173
src/main/java/org/jfree/data/flow/FlowKey.java,173
src/main/java/org/jfree/data/statistics/HistogramBin.java,173
src/main/java/org/jfree/data/xml/DatasetReader.java,173
src/main/java/org/jfree/chart/renderer/OutlierListCollection.java,172
src/main/java/org/jfree/chart/swing/editor/DefaultNumberAxisEditor.java,172
src/main/java/org/jfree/chart/util/StandardGradientPaintTransformer.java,172
src/main/java/org/jfree/chart/entity/LegendItemEntity.java,171
src/main/java/org/jfree/chart/entity/XYItemEntity.java,171
src/main/java/org/jfree/chart/text/TextAnchor.java,171
src/main/java/org/jfree/data/xml/ItemHandler.java,170
src/main/java/org/jfree/chart/encoders/SunJPEGEncoderAdapter.java,169
src/main/java/org/jfree/data/ComparableObjectItem.java,169
src/main/java/org/jfree/data/xy/XYCoordinate.java,169
src/main/java/org/jfree/chart/labels/SymbolicXYItemLabelGenerator.java,168
src/main/java/org/jfree/chart/api/RectangleAnchor.java,167
src/main/java/org/jfree/chart/block/Size2D.java,166
src/main/java/org/jfree/chart/labels/StandardXYSeriesLabelGenerator.java,166
src/main/java/org/jfree/chart/swing/editor/DefaultLogAxisEditor.java,165
src/main/java/org/jfree/chart/title/DateTitle.java,165
src/main/java/org/jfree/chart/urls/StandardPieURLGenerator.java,165
src/main/java/org/jfree/data/KeyedValueComparator.java,165
src/main/java/org/jfree/chart/internal/LineUtils.java,164
src/main/java/org/jfree/chart/plot/Zoomable.java,164
src/main/java/org/jfree/data/DefaultKeyedValue.java,164
src/main/java/org/jfree/data/time/DateRange.java,164
src/main/java/org/jfree/data/xml/ValueHandler.java,164
src/main/java/org/jfree/chart/swing/editor/StrokeSample.java,163
src/main/java/org/jfree/data/xy/OHLCDataset.java,162
src/main/java/org/jfree/chart/labels/StandardCategorySeriesLabelGenerator.java,159
src/main/java/org/jfree/data/time/ohlc/OHLC.java,159
src/main/java/org/jfree/data/xml/KeyHandler.java,159
src/main/java/org/jfree/data/xy/XYInterval.java,159
src/main/java/org/jfree/chart/legend/LegendItemCollection.java,158
src/main/java/org/jfree/chart/urls/StandardXYURLGenerator.java,158
src/main/java/org/jfree/data/json/impl/JSONArray.java,158
src/main/java/org/jfree/chart/labels/BoxAndWhiskerXYToolTipGenerator.java,156
src/main/java/org/jfree/chart/plot/compass/PointerNeedle.java,156
src/main/java/org/jfree/chart/text/format/HexNumberFormat.java,156
src/main/java/org/jfree/chart/encoders/ImageEncoderFactory.java,155
src/main/java/org/jfree/chart/labels/IntervalCategoryToolTipGenerator.java,155
src/main/java/org/jfree/data/KeyedValues2DItemKey.java,155
src/main/java/org/jfree/data/KeyedObject.java,154
src/main/java/org/jfree/data/general/HeatMapDataset.java,154
src/main/java/org/jfree/data/xy/XYItemKey.java,154
src/main/java/org/jfree/data/flow/NodeKey.java,153
src/main/java/org/jfree/chart/axis/CompassFormat.java,152
src/main/java/org/jfree/chart/axis/NumberTickUnit.java,152
src/main/java/org/jfree/chart/swing/MouseWheelHandler.java,152
src/main/java/org/jfree/data/xml/CategorySeriesHandler.java,152
src/main/java/org/jfree/chart/labels/StandardCrosshairLabelGenerator.java,150
src/main/java/org/jfree/chart/plot/compass/MiddlePinNeedle.java,149
src/main/java/org/jfree/data/xy/IntervalXYDataset.java,148
src/main/java/org/jfree/data/xy/NormalizedMatrixSeries.java,148
src/main/java/org/jfree/data/xy/Vector.java,148
src/main/java/org/jfree/chart/axis/CategoryTick.java,147
src/main/java/org/jfree/chart/api/RectangleAlignment.java,146
src/main/java/org/jfree/chart/labels/StandardCategoryItemLabelGenerator.java,146
src/main/java/org/jfree/chart/plot/ValueMarker.java,146
src/main/java/org/jfree/chart/plot/compass/PinNeedle.java,146
src/main/java/org/jfree/data/xy/XYIntervalDataItem.java,145
src/main/java/org/jfree/chart/axis/Timeline.java,144
src/main/java/org/jfree/chart/labels/BoxAndWhiskerToolTipGenerator.java,144
src/main/java/org/jfree/data/function/NormalDistributionFunction2D.java,144
src/main/java/org/jfree/chart/labels/StandardPieToolTipGenerator.java,143
src/main/java/org/jfree/data/general/DefaultValueDataset.java,142
src/main/java/org/jfree/chart/axis/AxisCollection.java,141
src/main/java/org/jfree/data/time/ohlc/OHLCItem.java,140
src/main/java/org/jfree/chart/block/BlockParams.java,138
src/main/java/org/jfree/chart/axis/ValueTick.java,137
src/main/java/org/jfree/data/flow/FlowDataset.java,137
src/main/java/org/jfree/data/time/ohlc/OHLCSeries.java,137
src/main/java/org/jfree/data/xml/CategoryDatasetHandler.java,135
src/main/java/org/jfree/data/xml/PieDatasetHandler.java,135
src/main/java/org/jfree/chart/labels/IntervalCategoryItemLabelGenerator.java,134
src/main/java/org/jfree/chart/plot/compass/PlumNeedle.java,134
src/main/java/org/jfree/data/function/LineFunction2D.java,133
src/main/java/org/jfree/data/function/PowerFunction2D.java,133
src/main/java/org/jfree/chart/axis/DateTick.java,132
src/main/java/org/jfree/chart/labels/StandardCategoryToolTipGenerator.java,132
src/main/java/org/jfree/chart/plot/compass/ShipNeedle.java,132
src/main/java/org/jfree/chart/axis/StandardTickUnitSource.java,130
src/main/java/org/jfree/chart/event/ChartChangeEvent.java,129
src/main/java/org/jfree/chart/event/ChartProgressEvent.java,129
src/main/java/org/jfree/chart/util/DirectionalGradientPaintTransformer.java,129
src/main/java/org/jfree/chart/encoders/SunPNGEncoderAdapter.java,128
src/main/java/org/jfree/chart/labels/StandardFlowLabelGenerator.java,128
src/main/java/org/jfree/data/function/PolynomialFunction2D.java,128
src/main/java/org/jfree/data/xy/YWithXInterval.java,128
src/main/java/org/jfree/chart/entity/CategoryLabelEntity.java,127
src/main/java/org/jfree/data/general/HeatMapUtils.java,127
src/main/java/org/jfree/data/xy/VectorDataItem.java,127
src/main/java/org/jfree/chart/swing/ApplicationFrame.java,126
src/main/java/org/jfree/data/xml/RootHandler.java,126
src/main/java/org/jfree/chart/plot/compass/LineNeedle.java,125
src/main/java/org/jfree/chart/plot/compass/WindNeedle.java,124
src/main/java/org/jfree/data/xy/AbstractIntervalXYDataset.java,124
src/main/java/org/jfree/data/xy/YInterval.java,124
src/main/java/org/jfree/chart/block/EmptyBlock.java,121
src/main/java/org/jfree/chart/internal/Args.java,121
src/main/java/org/jfree/chart/labels/ItemLabelAnchor.java,120
src/main/java/org/jfree/chart/api/RectangleEdge.java,119
src/main/java/org/jfree/data/xy/XYDataset.java,118
src/main/java/org/jfree/data/KeyedValuesItemKey.java,117
src/main/java/org/jfree/chart/entity/FlowEntity.java,114
src/main/java/org/jfree/chart/renderer/RendererState.java,114
src/main/java/org/jfree/chart/swing/editor/PaintSample.java,114
src/main/java/org/jfree/chart/text/format/HMSNumberFormat.java,114
src/main/java/org/jfree/data/KeyedValues2D.java,114
src/main/java/org/jfree/data/xy/XIntervalDataItem.java,113
src/main/java/org/jfree/chart/block/Block.java,112
src/main/java/org/jfree/chart/plot/dial/DialLayer.java,112
src/main/java/org/jfree/chart/swing/AbstractOverlay.java,112
src/main/java/org/jfree/data/xy/YIntervalDataItem.java,112
src/main/java/org/jfree/chart/entity/XYAnnotationEntity.java,111
src/main/java/org/jfree/data/general/AbstractSeriesDataset.java,110
src/main/java/org/jfree/chart/swing/ChartMouseEvent.java,109
src/main/java/org/jfree/chart/entity/EntityCollection.java,107
src/main/java/org/jfree/chart/plot/pie/AbstractPieLabelDistributor.java,107
src/main/java/org/jfree/data/xy/IntervalXYZDataset.java,106
src/main/java/org/jfree/chart/encoders/ImageEncoder.java,105
src/main/java/org/jfree/chart/ChartHints.java,103
src/main/java/org/jfree/chart/plot/DrawingSupplier.java,98
src/main/java/org/jfree/chart/entity/NodeEntity.java,97
src/main/java/org/jfree/chart/swing/editor/FontDisplayField.java,97
src/main/java/org/jfree/data/KeyedValues.java,97
src/main/java/org/jfree/data/xy/AbstractXYDataset.java,97
src/main/java/org/jfree/chart/event/RendererChangeEvent.java,96
src/main/java/org/jfree/chart/util/StringUtils.java,95
src/main/java/org/jfree/chart/axis/NumberTick.java,94
src/main/java/org/jfree/chart/imagemap/DynamicDriveToolTipTagFragmentGenerator.java,94
src/main/java/org/jfree/chart/text/AttributedStringUtils.java,94
src/main/java/org/jfree/data/category/IntervalCategoryDataset.java,94
src/main/java/org/jfree/chart/swing/editor/StrokeChooserPanel.java,93
src/main/java/org/jfree/chart/labels/PieSectionLabelGenerator.java,92
src/main/java/org/jfree/chart/axis/AxisLocation.java,91
src/main/java/org/jfree/chart/swing/ChartFrame.java,91
src/main/java/org/jfree/chart/renderer/category/BarPainter.java,90
src/main/java/org/jfree/chart/plot/Pannable.java,89
src/main/java/org/jfree/chart/swing/editor/ChartEditorManager.java,89
src/main/java/org/jfree/data/statistics/StatisticalCategoryDataset.java,89
src/main/java/org/jfree/chart/axis/DateTickUnitType.java,88
src/main/java/org/jfree/chart/renderer/xy/XYBarPainter.java,86
src/main/java/org/jfree/chart/swing/NumberCellRenderer.java,86
src/main/java/org/jfree/data/general/DatasetChangeEvent.java,86
src/main/java/org/jfree/chart/swing/Overlay.java,85
src/main/java/org/jfree/data/general/SeriesDataset.java,85
src/main/java/org/jfree/chart/labels/CategoryItemLabelGenerator.java,84
src/main/java/org/jfree/chart/date/MonthConstants.java,81
src/main/java/org/jfree/chart/renderer/PaintScale.java,81
src/main/java/org/jfree/chart/axis/TickUnitSource.java,80
src/main/java/org/jfree/chart/block/BlockResult.java,80
src/main/java/org/jfree/data/DomainInfo.java,80
src/main/java/org/jfree/data/xy/VectorXYDataset.java,79
src/main/java/org/jfree/data/xy/YisSymbolic.java,79
src/main/java/org/jfree/chart/axis/LogTick.java,78
src/main/java/org/jfree/chart/urls/CategoryURLGenerator.java,78
src/main/java/org/jfree/data/xy/XisSymbolic.java,78
src/main/java/org/jfree/data/RangeInfo.java,76
src/main/java/org/jfree/chart/api/Rotation.java,75
src/main/java/org/jfree/chart/block/Arrangement.java,75
src/main/java/org/jfree/chart/util/ShadowGenerator.java,75
src/main/java/org/jfree/data/Values2D.java,75
src/main/java/org/jfree/chart/imagemap/OverLIBToolTipTagFragmentGenerator.java,74
src/main/java/org/jfree/chart/event/AnnotationChangeEvent.java,73
src/main/java/org/jfree/chart/plot/PolarAxisLocation.java,73
src/main/java/org/jfree/chart/plot/PlotOrientation.java,72
src/main/java/org/jfree/data/statistics/MultiValueCategoryDataset.java,72
src/main/java/org/jfree/data/xy/WindDataset.java,72
src/main/java/org/jfree/chart/annotations/XYAnnotationBoundsInfo.java,71
src/main/java/org/jfree/chart/event/PlotChangeEvent.java,71
src/main/java/org/jfree/chart/imagemap/StandardURLTagFragmentGenerator.java,71
src/main/java/org/jfree/chart/text/G2TextMeasurer.java,71
src/main/java/org/jfree/chart/urls/XYURLGenerator.java,71
src/main/java/org/jfree/data/resources/DataPackageResources_es.java,71
src/main/java/org/jfree/data/resources/DataPackageResources_pl.java,71
src/main/java/org/jfree/chart/annotations/XYAnnotation.java,70
src/main/java/org/jfree/chart/event/MarkerChangeEvent.java,70
src/main/java/org/jfree/chart/imagemap/StandardToolTipTagFragmentGenerator.java,70
src/main/java/org/jfree/data/category/CategoryDataset.java,70
src/main/java/org/jfree/data/resources/DataPackageResources.java,70
src/main/java/org/jfree/data/resources/DataPackageResources_de.java,70
src/main/java/org/jfree/chart/event/AxisChangeEvent.java,69
src/main/java/org/jfree/chart/plot/dial/DialLayerChangeEvent.java,69
src/main/java/org/jfree/chart/urls/PieURLGenerator.java,69
src/main/java/org/jfree/data/resources/DataPackageResources_fr.java,69
src/main/java/org/jfree/chart/event/TitleChangeEvent.java,68
src/main/java/org/jfree/chart/plot/PlotState.java,68
src/main/java/org/jfree/chart/plot/dial/DialScale.java,68
src/main/java/org/jfree/chart/imagemap/URLTagFragmentGenerator.java,67
src/main/java/org/jfree/chart/text/TextBlockAnchor.java,67
src/main/java/org/jfree/data/resources/DataPackageResources_ru.java,67
src/main/java/org/jfree/chart/annotations/CategoryAnnotation.java,66
src/main/java/org/jfree/chart/block/BlockFrame.java,66
src/main/java/org/jfree/chart/labels/CategoryToolTipGenerator.java,66
src/main/java/org/jfree/chart/urls/XYZURLGenerator.java,66
src/main/java/org/jfree/data/category/CategoryRangeInfo.java,66
src/main/java/org/jfree/data/xml/DatasetTags.java,66
src/main/java/org/jfree/chart/imagemap/ToolTipTagFragmentGenerator.java,65
src/main/java/org/jfree/chart/plot/DatasetRenderingOrder.java,65
src/main/java/org/jfree/chart/swing/ChartMouseListener.java,65
src/main/java/org/jfree/chart/urls/StandardXYZURLGenerator.java,65
src/main/java/org/jfree/data/xy/XYZDataset.java,65
src/main/java/org/jfree/chart/plot/dial/DialFrame.java,64
src/main/java/org/jfree/chart/swing/editor/DefaultChartEditorFactory.java,64
src/main/java/org/jfree/data/Values.java,64
src/main/java/org/jfree/data/general/DefaultKeyedValues2DDataset.java,64
src/main/java/org/jfree/data/general/SeriesChangeEvent.java,64
src/main/java/org/jfree/data/general/SeriesException.java,64
src/main/java/org/jfree/data/xy/AbstractXYZDataset.java,64
src/main/java/org/jfree/chart/annotations/Annotation.java,63
src/main/java/org/jfree/chart/entity/TickLabelEntity.java,63
src/main/java/org/jfree/chart/plot/SeriesRenderingOrder.java,63
src/main/java/org/jfree/chart/renderer/AreaRendererEndType.java,63
src/main/java/org/jfree/data/time/TimePeriod.java,63
src/main/java/org/jfree/chart/labels/XYSeriesLabelGenerator.java,62
src/main/java/org/jfree/data/general/Dataset.java,62
src/main/java/org/jfree/data/general/DatasetChangeListener.java,62
src/main/java/org/jfree/data/xy/TableXYDataset.java,62
src/main/java/org/jfree/chart/labels/CategorySeriesLabelGenerator.java,61
src/main/java/org/jfree/chart/renderer/NotOutlierException.java,61
src/main/java/org/jfree/chart/event/AxisChangeListener.java,60
src/main/java/org/jfree/data/xy/XYRangeInfo.java,60
src/main/java/org/jfree/chart/api/PublicCloneable.java,59
src/main/java/org/jfree/chart/api/XYCoordinateType.java,59
src/main/java/org/jfree/chart/axis/DateTickMarkPosition.java,59
src/main/java/org/jfree/chart/labels/PieToolTipGenerator.java,59
src/main/java/org/jfree/chart/labels/XYItemLabelGenerator.java,59
src/main/java/org/jfree/chart/renderer/category/DefaultCategoryItemRenderer.java,59
src/main/java/org/jfree/data/RangeType.java,59
src/main/java/org/jfree/data/general/SeriesChangeListener.java,59
src/main/java/org/jfree/data/xy/XYDomainInfo.java,59
src/main/java/org/jfree/chart/block/EntityBlockParams.java,58
src/main/java/org/jfree/chart/block/EntityBlockResult.java,58
src/main/java/org/jfree/chart/block/LengthConstraintType.java,58
src/main/java/org/jfree/chart/encoders/ImageFormat.java,58
src/main/java/org/jfree/chart/labels/FlowLabelGenerator.java,58
src/main/java/org/jfree/chart/labels/XYToolTipGenerator.java,58
src/main/java/org/jfree/chart/labels/XYZToolTipGenerator.java,58
src/main/java/org/jfree/chart/plot/ValueAxisPlot.java,58
src/main/java/org/jfree/chart/plot/XYCrosshairState.java,58
src/main/java/org/jfree/chart/renderer/xy/DefaultXYItemRenderer.java,58
src/main/java/org/jfree/chart/swing/editor/ChartEditor.java,58
src/main/java/org/jfree/data/function/Function2D.java,58
src/main/java/org/jfree/data/statistics/HistogramType.java,58
src/main/java/org/jfree/chart/event/ChartChangeListener.java,57
src/main/java/org/jfree/data/KeyedValueComparatorType.java,57
src/main/java/org/jfree/data/UnknownKeyException.java,57
src/main/java/org/jfree/chart/event/AnnotationChangeListener.java,56
src/main/java/org/jfree/chart/event/MarkerChangeListener.java,56
src/main/java/org/jfree/chart/plot/dial/DialLayerChangeListener.java,56
src/main/java/org/jfree/data/Value.java,56
src/main/java/org/jfree/chart/ChartTheme.java,55
src/main/java/org/jfree/chart/api/VerticalAlignment.java,55
src/main/java/org/jfree/chart/event/PlotChangeListener.java,55
src/main/java/org/jfree/chart/event/TitleChangeListener.java,55
src/main/java/org/jfree/chart/labels/CrosshairLabelGenerator.java,55
src/main/java/org/jfree/chart/legend/LegendItemSource.java,55
src/main/java/org/jfree/chart/swing/OverlayChangeEvent.java,55
src/main/java/org/jfree/chart/swing/editor/ChartEditorFactory.java,55
src/main/java/org/jfree/chart/api/HorizontalAlignment.java,54
src/main/java/org/jfree/chart/axis/CategoryAnchor.java,54
src/main/java/org/jfree/chart/event/ChartProgressListener.java,54
src/main/java/org/jfree/chart/event/RendererChangeListener.java,54
src/main/java/org/jfree/chart/plot/DialShape.java,54
src/main/java/org/jfree/chart/plot/pie/PieLabelLinkStyle.java,54
src/main/java/org/jfree/data/KeyedValue.java,54
src/main/java/org/jfree/data/time/TimePeriodAnchor.java,54
src/main/java/org/jfree/chart/api/LengthAdjustmentType.java,53
src/main/java/org/jfree/chart/event/ChartChangeEventType.java,53
src/main/java/org/jfree/chart/plot/CenterTextMode.java,53
src/main/java/org/jfree/chart/swing/OverlayChangeListener.java,53
src/main/java/org/jfree/chart/util/GradientPaintTransformer.java,53
src/main/java/org/jfree/data/DomainOrder.java,53
src/main/java/org/jfree/data/json/impl/JSONStreamAware.java,53
src/main/java/org/jfree/data/time/TimePeriodFormatException.java,53
src/main/java/org/jfree/chart/ChartElement.java,52
src/main/java/org/jfree/chart/ChartElementVisitor.java,52
src/main/java/org/jfree/chart/axis/AxisLabelLocation.java,52
src/main/java/org/jfree/data/general/KeyedValueDataset.java,52
src/main/java/org/jfree/data/general/KeyedValues2DDataset.java,52
src/main/java/org/jfree/data/general/PieDataset.java,52
src/main/java/org/jfree/data/general/ValueDataset.java,52
src/main/java/org/jfree/data/ItemKey.java,51
src/main/java/org/jfree/data/general/DefaultKeyedValuesDataset.java,51
src/main/java/org/jfree/chart/api/TableOrder.java,50
src/main/java/org/jfree/chart/axis/CategoryLabelWidthType.java,50
src/main/java/org/jfree/chart/legend/LegendRenderingOrder.java,50
src/main/java/org/jfree/chart/Drawable.java,49
src/main/java/org/jfree/chart/api/UnitType.java,49
src/main/java/org/jfree/chart/axis/TickType.java,49
src/main/java/org/jfree/chart/event/ChartProgressEventType.java,49
src/main/java/org/jfree/chart/text/TextMeasurer.java,49
src/main/java/org/jfree/chart/api/SortOrder.java,48
src/main/java/org/jfree/chart/util/GradientPaintTransformType.java,47
src/main/java/org/jfree/data/general/KeyedValuesDataset.java,47
src/main/java/org/jfree/data/json/impl/JSONAware.java,46
src/main/java/module-info.java,42
src/main/java/org/jfree/chart/api/Layer.java,42
src/main/java/org/jfree/chart/event/package-info.java,6
src/main/java/org/jfree/chart/annotations/package-info.java,4
src/main/java/org/jfree/chart/api/package-info.java,4
src/main/java/org/jfree/chart/axis/package-info.java,4
src/main/java/org/jfree/chart/block/package-info.java,4
src/main/java/org/jfree/chart/date/package-info.java,4
src/main/java/org/jfree/chart/encoders/package-info.java,4
src/main/java/org/jfree/chart/entity/package-info.java,4
src/main/java/org/jfree/chart/imagemap/package-info.java,4
src/main/java/org/jfree/chart/internal/package-info.java,4
src/main/java/org/jfree/chart/labels/package-info.java,4
src/main/java/org/jfree/chart/legend/package-info.java,4
src/main/java/org/jfree/chart/package-info.java,4
src/main/java/org/jfree/chart/plot/compass/package-info.java,4
src/main/java/org/jfree/chart/plot/dial/package-info.java,4
src/main/java/org/jfree/chart/plot/flow/package-info.java,4
src/main/java/org/jfree/chart/plot/package-info.java,4
src/main/java/org/jfree/chart/plot/pie/package-info.java,4
src/main/java/org/jfree/chart/renderer/category/package-info.java,4
src/main/java/org/jfree/chart/renderer/package-info.java,4
src/main/java/org/jfree/chart/renderer/xy/package-info.java,4
src/main/java/org/jfree/chart/swing/editor/package-info.java,4
src/main/java/org/jfree/chart/swing/package-info.java,4
src/main/java/org/jfree/chart/text/format/package-info.java,4
src/main/java/org/jfree/chart/text/package-info.java,4
src/main/java/org/jfree/chart/title/package-info.java,4
src/main/java/org/jfree/chart/urls/package-info.java,4
src/main/java/org/jfree/chart/util/package-info.java,4
src/main/java/org/jfree/data/flow/package-info.java,4
src/main/java/org/jfree/data/json/impl/package-info.java,4
src/main/java/org/jfree/data/json/package-info.java,4
